[
  {
    "api": "accessapproval",
    "package": "@google-cloud/access-approval"
  },
  {
    "api": "apigateway",
    "package": "@google-cloud/api-gateway"
  },
  {
    "api": "apigeeconnect",
    "package": "@google-cloud/apigee-connect"
  },
  {
    "api": "appengine",
    "package": "@google-cloud/appengine-admin"
  },
  {
    "api": "cloudasset",
    "package": "@google-cloud/asset"
  },
  {
    "api": "automl",
    "package": "@google-cloud/automl"
  },
  {
    "api": "bigtable",
    "package": "@google-cloud/bigtable"
  },
  {
    "api": "cloudbilling",
    "package": "@google-cloud/billing"
  },
  {
    "api": "billingbudgets",
    "package": "@google-cloud/billing-budgets"
  },
  {
    "api": "cloudbuild",
    "package": "@google-cloud/cloudbuild"
  },
  {
    "api": "cloudchannel",
    "package": "@google-cloud/channel"
  },
  {
    "api": "composer",
    "package": "@google-cloud/orchestration-airflow"
  },
  {
    "api": "datacatalog",
    "package": "@google-cloud/datacatalog"
  },
  {
    "api": "dlp",
    "package": "@google-cloud/dlp"
  },
  {
    "api": "datamigration",
    "package": "@google-cloud/dms"
  },
  {
    "api": "dataproc",
    "package": "@google-cloud/dataproc"
  },
  {
    "api": "datastore",
    "package": "@google-cloud/datastore"
  },
  {
    "api": "datastore",
    "package": "@google-cloud/connect-datastore"
  },
  {
    "api": "dialogflow",
    "package": "@google-cloud/dialogflow"
  },
  {
    "api": "dialogflow",
    "package": "@google-cloud/dialogflow-cx"
  },
  {
    "api": "dns",
    "package": "@google-cloud/dns"
  },
  {
    "api": "documentai",
    "package": "@google-cloud/documentai"
  },
  {
    "api": "essentialcontacts",
    "package": "@google-cloud/essential-contacts"
  },
  {
    "api": "eventarc",
    "package": "@google-cloud/eventarc"
  },
  {
    "api": "file",
    "package": "@google-cloud/filestore"
  },
  {
    "api": "firestore",
    "package": "@google-cloud/firestore"
  },
  {
    "api": "firestore",
    "package": "@google-cloud/connect-firestore"
  },
  {
    "api": "cloudfunctions",
    "package": "@google-cloud/functions"
  },
  {
    "api": "gameservices",
    "package": "@google-cloud/game-servers"
  },
  {
    "api": "bigquery",
    "package": "@google-cloud/bigquery"
  },
  {
    "api": "bigqueryconnection",
    "package": "@google-cloud/bigquery-connection"
  },
  {
    "api": "bigquerydatatransfer",
    "package": "@google-cloud/bigquery-data-transfer"
  },
  {
    "api": "bigqueryreservation",
    "package": "@google-cloud/bigquery-reservation"
  },
  {
    "api": "bigquerystorage",
    "package": "@google-cloud/bigquery-storage"
  },
  {
    "api": "containeranalysis",
    "package": "@google-cloud/containeranalysis"
  },
  {
    "api": "containeranalysis",
    "package": "@google-cloud/grafeas"
  },
  {
    "api": "policytroubleshooter",
    "package": "@google-cloud/policy-troubleshooter"
  },
  {
    "api": "iamcredentials",
    "package": "@google-cloud/iam-credentials"
  },
  {
    "api": "iap",
    "package": "@google-cloud/iap"
  },
  {
    "api": "cloudiot",
    "package": "@google-cloud/iot"
  },
  {
    "api": "kms",
    "package": "@google-cloud/kms"
  },
  {
    "api": "container",
    "package": "@google-cloud/container"
  },
  {
    "api": "logging",
    "package": "@google-cloud/logging"
  },
  {
    "api": "logging",
    "package": "@google-cloud/logging-bunyan"
  },
  {
    "api": "logging",
    "package": "@google-cloud/logging-winston"
  },
  {
    "api": "managedidentities",
    "package": "@google-cloud/managed-identities"
  },
  {
    "api": "memcache",
    "package": "@google-cloud/memcache"
  },
  {
    "api": "monitoring",
    "package": "@google-cloud/monitoring-dashboards"
  },
  {
    "api": "language",
    "package": "@google-cloud/language"
  },
  {
    "api": "networkmanagement",
    "package": "@google-cloud/network-management"
  },
  {
    "api": "orgpolicy",
    "package": "@google-cloud/org-policy"
  },
  {
    "api": "osconfig",
    "package": "@google-cloud/os-config"
  },
  {
    "api": "oslogin",
    "package": "@google-cloud/os-login"
  },
  {
    "api": "cloudprofiler",
    "package": "@google-cloud/profiler"
  },
  {
    "api": "pubsub",
    "package": "@google-cloud/pubsub"
  },
  {
    "api": "recaptchaenterprise",
    "package": "@google-cloud/recaptcha-enterprise"
  },
  {
    "api": "recommender",
    "package": "@google-cloud/recommender"
  },
  {
    "api": "redis",
    "package": "@google-cloud/redis"
  },
  {
    "api": "resourcesettings",
    "package": "@google-cloud/resource-settings"
  },
  {
    "api": "retail",
    "package": "@google-cloud/retail"
  },
  {
    "api": "cloudscheduler",
    "package": "@google-cloud/scheduler"
  },
  {
    "api": "secretmanager",
    "package": "@google-cloud/secret-manager"
  },
  {
    "api": "securitycenter",
    "package": "@google-cloud/security-center"
  },
  {
    "api": "servicecontrol",
    "package": "@google-cloud/service-control"
  },
  {
    "api": "servicedirectory",
    "package": "@google-cloud/service-directory"
  },
  {
    "api": "servicemanagement",
    "package": "@google-cloud/service-management"
  },
  {
    "api": "serviceusage",
    "package": "@google-cloud/service-usage"
  },
  {
    "api": "shell",
    "package": "@google-cloud/shell"
  },
  {
    "api": "spanner",
    "package": "@google-cloud/spanner"
  },
  {
    "api": "speech",
    "package": "@google-cloud/speech"
  },
  {
    "api": "monitoring",
    "package": "@google-cloud/monitoring"
  },
  {
    "api": "storage-api",
    "package": "@google-cloud/storage"
  },
  {
    "api": "storagetransfer",
    "package": "@google-cloud/storage-transfer"
  },
  {
    "api": "jobs",
    "package": "@google-cloud/talent"
  },
  {
    "api": "tasks",
    "package": "@google-cloud/tasks"
  },
  {
    "api": "texttospeech",
    "package": "@google-cloud/text-to-speech"
  },
  {
    "api": "tpu",
    "package": "@google-cloud/tpu"
  },
  {
    "api": "transcoder",
    "package": "@google-cloud/video-transcoder"
  },
  {
    "api": "translate",
    "package": "@google-cloud/translate"
  },
  {
    "api": "aiplatform",
    "package": "@google-cloud/aiplatform"
  },
  {
    "api": "videointelligence",
    "package": "@google-cloud/video-intelligence"
  },
  {
    "api": "vpcaccess",
    "package": "@google-cloud/vpc-access"
  },
  {
    "api": "vision",
    "package": "@google-cloud/vision"
  },
  {
    "api": "webrisk",
    "package": "@google-cloud/web-risk"
  },
  {
    "api": "websecurityscanner",
    "package": "@google-cloud/web-security-scanner"
  },
  {
    "api": "workflows",
    "package": "@google-cloud/workflows"
  },
  {
    "api": "notebooks",
    "package": "@google-cloud/notebooks"
  },
  {
    "api": "gateway",
    "package": "@google-cloud/gke-connect-gateway"
  },
  {
    "api": "area120tables",
    "package": "@google/area120-tables"
  },
  {
    "api": "artifactregistry",
    "package": "@google-cloud/artifact-registry"
  },
  {
    "api": "assuredworkloads",
    "package": "@google-cloud/assured-workloads"
  },
  {
    "api": "binaryauthorization",
    "package": "@google-cloud/binary-authorization"
  },
  {
    "api": "privateca",
    "package": "@google-cloud/security-private-ca"
  },
  {
    "api": "contactcenterinsights",
    "package": "@google-cloud/contact-center-insights"
  },
  {
    "api": "datalabeling",
    "package": "@google-cloud/datalabeling"
  },
  {
    "api": "dataqna",
    "package": "@google-cloud/data-qna"
  },
  {
    "api": "dataflow",
    "package": "@google-cloud/dataflow"
  },
  {
    "api": "metastore",
    "package": "@google-cloud/dataproc-metastore"
  },
  {
    "api": "domains",
    "package": "@google-cloud/domains"
  },
  {
    "api": "clouderrorreporting",
    "package": "@google-cloud/error-reporting"
  },
  {
    "api": "gkehub",
    "package": "@google-cloud/gke-hub"
  },
  {
    "api": "analyticsadmin",
    "package": "@google-analytics/admin"
  },
  {
    "api": "analyticsdata",
    "package": "@google-analytics/data"
  },
  {
    "api": "compute",
    "package": "@google-cloud/compute"
  },
  {
    "api": "lifesciences",
    "package": "@google-cloud/life-sciences"
  },
  {
    "api": "mediatranslation",
    "package": "@google-cloud/media-translation"
  },
  {
    "api": "networkconnectivity",
    "package": "@google-cloud/network-connectivity"
  },
  {
    "api": "phishingprotection",
    "package": "@google-cloud/phishing-protection"
  },
  {
    "api": "privatecatalog",
    "package": "@google-cloud/private-catalog"
  },
  {
    "api": "cloudresourcemanager",
    "package": "@google-cloud/resource-manager"
  },
  {
    "api": "runtimeconfig",
    "package": "@google-cloud/rcloadenv"
  },
  {
    "api": "clouddebugger",
    "package": "@google-cloud/debug-agent"
  },
  {
    "api": "cloudtrace",
    "package": "@google-cloud/trace-agent"
  }
]